0.1150,-0.0499
-0.1182,-0.0857
-0.0439,-0.4260
-0.0046,-0.2291
0.1552,-0.3916
-0.0218,0.4076
-0.0016,0.2753
-0.0684,0.2808
-0.0332,-0.5305
-0.1573,0.0375
-0.1171,-0.4909
0.0659,0.1820
-0.1428,-0.2134
-0.1183,0.4244
0.0545,0.0446
0.1165,0.2480
-0.0275,-0.2724
-0.1117,0.4321
-0.0713,-0.2773
0.0019,0.1973
0.0720,-0.1297
0.2336,-0.7405
-0.0246,-0.0931
0.0132,0.0047
0.1111,-0.2423
-0.0305,-0.3233
0.1725,0.0456
-0.1161,0.0628
0.0844,0.1689
-0.1654,0.3529
-0.1166,-0.3635
0.0239,0.2217
0.1068,-0.0795
-0.2184,-0.4477
0.0893,0.0681
-0.0722,0.5613
0.0648,-0.1353
0.1443,-0.5771
-0.1039,0.1775
-0.0491,0.1014
0.0258,0.2771
-0.0597,0.0175
0.0341,0.2559
-0.0831,0.1164
0.0304,0.8772
0.1117,0.3022
0.0663,-0.4644
-0.0604,0.4447
-0.1767,0.2595
0.0080,-0.0184
0.0824,-0.5662
-0.0506,0.0857
-0.0750,0.1926
-0.0451,-0.2970
-0.2192,0.5727
-0.1224,-0.0726
0.0211,0.4863
0.1072,-0.5766
-0.0102,0.1075
-0.0231,0.3487
0.0705,-0.1494
0.0461,0.3963
0.0903,-0.2617
-0.0178,0.1467
0.2209,0.3104
-0.1020,0.1846
-0.0927,0.0165
-0.0790,-0.3565
0.1188,-0.0649
-0.0739,-0.4452
-0.0818,0.1049
-0.0709,-0.3018
-0.0638,0.0680
-0.1230,0.4106
0.0450,-0.4321
0.0134,-0.0044
0.1131,0.1617
-0.1013,0.2803
-0.0570,0.0757
-0.1459,0.0748
0.1526,0.3195
0.1574,0.0797
0.0486,0.4460
0.0397,0.1960
0.1972,-0.2589
0.0274,-0.0515
-0.0189,-0.2425
-0.1312,-0.1378
0.0186,-0.0228
-0.1153,0.1256
-0.0370,0.1006
-0.1238,0.2088
0.1554,-0.4586
-0.0891,0.2912
-0.1519,-0.0879
-0.0288,-0.4729
-0.0444,-0.0629
0.0482,-0.1585
0.1885,0.0977
-0.1733,-0.0274
0.1260,0.6461
0.0583,-0.0334
0.1026,-0.0835
-0.0401,0.0726
-0.0506,-0.1020
-0.1156,0.1701
0.1108,-0.1360
-0.1486,0.0034
-0.1417,-0.0365
-0.0784,-0.2519
0.0496,0.3537
0.0791,0.2625
0.1180,-0.2917
0.0048,-0.0351
-0.0684,0.3630
-0.1126,0.1958
-0.0784,0.1993
0.0462,-0.2752
-0.0510,-0.2461
-0.0869,0.2352
-0.0245,-0.1087
0.1201,-0.2530
0.0807,-0.3698
-0.1117,0.4077
0.1166,-0.2375
0.0241,0.3181
0.1581,-0.2391
-0.1373,-0.3067
0.0911,-0.2347
-0.0225,-0.4383
0.1911,-0.0165
-0.0428,0.0676
0.0281,0.1008
0.0012,-0.2264
0.0216,0.1446
0.1599,-0.1494
0.2478,-0.1554
0.1697,0.2581
0.0187,-0.0948
-0.2557,-0.2142
-0.1437,0.2314
0.0754,-0.2425
-0.1029,0.2466
0.0424,-0.0187
0.0921,0.0525
-0.0562,0.1073
-0.0704,-0.0849
0.0814,0.0930
-0.0948,0.0322
0.0154,-0.0015
-0.0572,0.2990
-0.0093,-0.3215
-0.1041,0.2905
-0.0883,-0.4032
0.0364,-0.3352
-0.0340,-0.2443
-0.0496,-0.0547
-0.1102,0.4369
-0.0017,0.3331
0.0904,0.1599
0.0546,-0.3336
0.0181,-0.1984
0.0322,0.1361
0.0122,-0.5637
0.0150,-0.0325
0.0085,0.3434
-0.0102,-0.3221
0.0214,0.0818
-0.1260,0.1619
-0.1369,0.1401
0.0145,-0.0630
0.1402,-0.0885
-0.0182,-0.4765
-0.0599,-0.1823
0.0039,-0.3149
-0.0591,-0.2009
-0.0981,-0.5294
0.1709,0.0685
0.2409,-0.5642
-0.0934,0.2013
-0.0704,0.2908
0.0818,0.1092
0.0419,0.3269
-0.1876,0.4135
-0.1824,0.1320
0.0059,0.2608
0.0126,0.3377
-0.1432,0.2596
-0.2110,0.0424
-0.0130,-0.0151
-0.1365,-0.2236
-0.0516,-0.0051
-0.0565,0.0056
0.0618,0.2300
0.1485,-0.0671
0.1393,0.0889
0.1029,0.2288
0.0218,-0.6023
-0.2904,0.3278
-0.1521,-0.1309
0.1297,-0.2319
0.0396,0.2143
0.0086,0.5880
0.0412,-0.6095
0.1209,-0.2801
0.0447,-0.2572
-0.0311,-0.4920
-0.0898,0.3879
-0.1361,-0.1288
-0.1479,-0.3779
-0.0704,-0.1969
-0.0821,0.0849
-0.1606,0.0461
-0.0150,0.3770
-0.0719,0.4004
-0.0680,0.3059
-0.0196,0.0154
0.1354,-0.0458
0.0528,0.0094
0.0593,0.1654
0.0756,0.7241
-0.0280,-0.4171
0.0444,0.4403
-0.1064,0.2169
0.0494,0.0589
-0.0818,0.4255
0.0537,-0.3392
0.0430,-0.8566
-0.0319,-0.0862
0.0027,-0.4037
-0.0239,-0.3193
-0.1109,-0.1874
0.1357,0.0302
0.0654,0.4233
0.0682,0.5370
-0.0278,0.1892
-0.1112,0.6503
-0.0584,0.3589
-0.1888,0.4129
-0.0815,0.5731
-0.0304,-0.0773
-0.0132,0.3378
-0.1303,-0.1009
-0.1084,0.2960
0.0987,-0.0521
0.0195,0.3974
0.0024,-0.0485
0.1047,0.3740
-0.1325,0.0614
0.0025,0.2718
0.0389,-0.1070
0.1737,-0.3785
-0.0349,0.0382
0.0567,-0.0293
-0.0260,-0.1039
0.0329,0.2181
-0.0766,-0.1651
0.0486,0.5105
0.0251,0.0941
0.0544,0.4024
-0.0863,0.2539
0.0834,-0.2272
-0.0528,-0.1680
0.1353,-0.0944
0.0040,0.1035
0.1064,-0.4064
-0.0263,0.3032
0.1219,-0.2930
0.0508,-0.7590
0.0069,-0.1164
0.1048,-0.2692
-0.0641,0.0454
0.0496,-0.0156
0.0770,-0.4238
-0.1270,-0.1317
-0.0041,-0.1379
-0.0797,0.0188
-0.1349,0.2626
0.0664,-0.1624
0.0553,-0.0733
-0.0395,0.4428
0.0393,0.2446
0.2615,0.0150
-0.0641,-0.0495
0.0475,0.0888
0.1062,-0.0984
-0.0545,0.5333
0.1217,0.1347
-0.0710,0.0157
-0.0429,0.4290
0.0582,-0.0370
-0.0542,0.0302
-0.0052,0.2874
-0.0241,-0.2868
-0.1067,0.5350
0.0546,-0.1146
0.0243,-0.1467
0.0480,0.1081
0.0316,-0.5135
0.0788,0.0148
